
-- Primeiro, inserir os tipos de sala na tabela `tipo`
INSERT INTO tipo (tipo_sala) VALUES 
('Sala de Aula'),
('Biblioteca'),
('Laboratório de Artes'),
('Laboratório de Informática'),
('Laboratório de Redes'),
('Laboratório Makers'),
('Sala de Conferência'),
('Sala de Reunião'),
('Auditório'),
('Sala de Música');

INSERT INTO sala (numero, capacidade, andar, tipo_ID) VALUES 
(1, FLOOR(10 + RAND() * 90), 1, 1),
(2, FLOOR(10 + RAND() * 90), 1, 1),
(3, FLOOR(10 + RAND() * 90), 1, 1),
(4, FLOOR(10 + RAND() * 90), 1, 1),
(5, FLOOR(10 + RAND() * 90), 1, 2),
(6, FLOOR(10 + RAND() * 90), 1, 2),
(7, FLOOR(10 + RAND() * 90), 1, 3),
(8, FLOOR(10 + RAND() * 90), 1, 3),
(9, FLOOR(10 + RAND() * 90), 1, 4),
(10, FLOOR(10 + RAND() * 90), 1, 4),
(11, FLOOR(10 + RAND() * 90), 2, 5),
(12, FLOOR(10 + RAND() * 90), 2, 5),
(13, FLOOR(10 + RAND() * 90), 2, 6),
(14, FLOOR(10 + RAND() * 90), 2, 6),
(15, FLOOR(10 + RAND() * 90), 2, 7),
(16, FLOOR(10 + RAND() * 90), 2, 7),
(17, FLOOR(10 + RAND() * 90), 2, 8),
(18, FLOOR(10 + RAND() * 90), 2, 8),
(19, FLOOR(10 + RAND() * 90), 2, 9),
(20, FLOOR(10 + RAND() * 90), 2, 9),
(21, FLOOR(10 + RAND() * 90), 3, 10),
(22, FLOOR(10 + RAND() * 90), 3, 10),
(23, FLOOR(10 + RAND() * 90), 3, 1),
(24, FLOOR(10 + RAND() * 90), 3, 1),
(25, FLOOR(10 + RAND() * 90), 3, 2),
(26, FLOOR(10 + RAND() * 90), 3, 2),
(27, FLOOR(10 + RAND() * 90), 3, 3),
(28, FLOOR(10 + RAND() * 90), 3, 3),
(29, FLOOR(10 + RAND() * 90), 3, 4),
(30, FLOOR(10 + RAND() * 90), 3, 4),
(31, FLOOR(10 + RAND() * 90), 4, 5),
(32, FLOOR(10 + RAND() * 90), 4, 5),
(33, FLOOR(10 + RAND() * 90), 4, 6),
(34, FLOOR(10 + RAND() * 90), 4, 6),
(35, FLOOR(10 + RAND() * 90), 4, 7),
(36, FLOOR(10 + RAND() * 90), 4, 7),
(37, FLOOR(10 + RAND() * 90), 4, 8),
(38, FLOOR(10 + RAND() * 90), 4, 8),
(39, FLOOR(10 + RAND() * 90), 4, 9),
(40, FLOOR(10 + RAND() * 90), 4, 9),
(41, FLOOR(10 + RAND() * 90), 5, 10),
(42, FLOOR(10 + RAND() * 90), 5, 10),
(43, FLOOR(10 + RAND() * 90), 5, 1),
(44, FLOOR(10 + RAND() * 90), 5, 1),
(45, FLOOR(10 + RAND() * 90), 5, 2),
(46, FLOOR(10 + RAND() * 90), 5, 2),
(47, FLOOR(10 + RAND() * 90), 5, 3),
(48, FLOOR(10 + RAND() * 90), 5, 3),
(49, FLOOR(10 + RAND() * 90), 5, 4),
(50, FLOOR(10 + RAND() * 90), 5, 4);

-- Assumindo que existem eventos com IDs de 1 a 10 e salas com IDs de 1 a 50
INSERT INTO evento (titulo, sigla, oferta) VALUES
('Evento 1', 'EVT1', 'OFERTA1'),
('Evento 2', 'EVT2', 'OFERTA2'),
('Evento 3', 'EVT3', 'OFERTA3'),
('Evento 4', 'EVT4', 'OFERTA4'),
('Evento 5', 'EVT5', 'OFERTA5'),
('Evento 6', 'EVT6', 'OFERTA6'),
('Evento 7', 'EVT7', 'OFERTA7'),
('Evento 8', 'EVT8', 'OFERTA8'),
('Evento 9', 'EVT9', 'OFERTA9'),
('Evento 10', 'EVT10', 'OFERTA10');


INSERT INTO reserva (docente, data_inicio, data_fim, horario_inicio, horario_fim, dias_semana, evento_ID, sala_ID) VALUES
('Prof. A', '2024-07-01', '2024-07-05', '08:00:00', '10:00:00', '1, 3, 5', 1, 1),
('Prof. B', '2024-07-01', '2024-07-10', '10:00:00', '12:00:00', '2, 4, 6', 2, 2),
('Prof. C', '2024-07-01', '2024-07-15', '13:00:00', '15:00:00', '1, 2, 3', 3, 3),
('Prof. D', '2024-07-01', '2024-07-20', '15:00:00', '17:00:00', '3, 4, 5', 4, 4),
('Prof. E', '2024-07-01', '2024-07-25', '17:00:00', '19:00:00', '1, 2, 3, 4, 5', 5, 5),
('Prof. F', '2024-07-01', '2024-07-05', '08:00:00', '10:00:00', '1, 3, 5', 6, 6),
('Prof. G', '2024-07-01', '2024-07-10', '10:00:00', '12:00:00', '2, 4, 6', 7, 7),
('Prof. H', '2024-07-01', '2024-07-15', '13:00:00', '15:00:00', '1, 2, 3', 8, 8),
('Prof. I', '2024-07-01', '2024-07-20', '15:00:00', '17:00:00', '3, 4, 5', 9, 9),
('Prof. J', '2024-07-01', '2024-07-25', '17:00:00', '19:00:00', '1, 2, 3, 4, 5', 10, 10),
('Prof. K', '2024-07-01', '2024-07-05', '08:00:00', '10:00:00', '1, 3, 5', 1, 11),
('Prof. L', '2024-07-01', '2024-07-10', '10:00:00', '12:00:00', '2, 4, 6', 2, 12),
('Prof. M', '2024-07-01', '2024-07-15', '13:00:00', '15:00:00', '1, 2, 3', 3, 13),
('Prof. N', '2024-07-01', '2024-07-20', '15:00:00', '17:00:00', '3, 4, 5', 4, 14),
('Prof. O', '2024-07-01', '2024-07-25', '17:00:00', '19:00:00', '1, 2, 3, 4, 5', 5, 15),
('Prof. P', '2024-07-01', '2024-07-05', '08:00:00', '10:00:00', '1, 3, 5', 6, 16),
('Prof. Q', '2024-07-01', '2024-07-10', '10:00:00', '12:00:00', '2, 4, 6', 7, 17),
('Prof. R', '2024-07-01', '2024-07-15', '13:00:00', '15:00:00', '1, 2, 3', 8, 18),
('Prof. S', '2024-07-01', '2024-07-20', '15:00:00', '17:00:00', '3, 4, 5', 9, 19),
('Prof. T', '2024-07-01', '2024-07-25', '17:00:00', '19:00:00', '1, 2, 3, 4, 5', 10, 20),
('Prof. U', '2024-07-01', '2024-07-05', '08:00:00', '10:00:00', '1, 3, 5', 1, 21),
('Prof. V', '2024-07-01', '2024-07-10', '10:00:00', '12:00:00', '2, 4, 6', 2, 22),
('Prof. W', '2024-07-01', '2024-07-15', '13:00:00', '15:00:00', '1, 2, 3', 3, 23),
('Prof. X', '2024-07-01', '2024-07-20', '15:00:00', '17:00:00', '3, 4, 5', 4, 24),
('Prof. Y', '2024-07-01', '2024-07-25', '17:00:00', '19:00:00', '1, 2, 3, 4, 5', 5, 25),
('Prof. Z', '2024-07-01', '2024-07-05', '08:00:00', '10:00:00', '1, 3, 5', 6, 26),
('Prof. AA', '2024-07-01', '2024-07-10', '10:00:00', '12:00:00', '2, 4, 6', 7, 27),
('Prof. AB', '2024-07-01', '2024-07-15', '13:00:00', '15:00:00', '1, 2, 3', 8, 28),
('Prof. AC', '2024-07-01', '2024-07-20', '15:00:00', '17:00:00', '3, 4, 5', 9, 29),
('Prof. AD', '2024-07-01', '2024-07-25', '17:00:00', '19:00:00', '1, 2, 3, 4, 5', 10, 30),
('Prof. AE', '2024-07-01', '2024-07-05', '08:00:00', '10:00:00', '1, 3, 5', 1, 31),
('Prof. AF', '2024-07-01', '2024-07-10', '10:00:00', '12:00:00', '2, 4, 6', 2, 32),
('Prof. AG', '2024-07-01', '2024-07-15', '13:00:00', '15:00:00', '1, 2, 3', 3, 33),
('Prof. AH', '2024-07-01', '2024-07-20', '15:00:00', '17:00:00', '3, 4, 5', 4, 34),
('Prof. AI', '2024-07-01', '2024-07-25', '17:00:00', '19:00:00', '1, 2, 3, 4, 5', 5, 35),
('Prof. AJ', '2024-07-01', '2024-07-05', '08:00:00', '10:00:00', '1, 3, 5', 6, 36),
('Prof. AK', '2024-07-01', '2024-07-10', '10:00:00', '12:00:00', '2, 4, 6', 7, 37),
('Prof. AL', '2024-07-01', '2024-07-15', '13:00:00', '15:00:00', '1, 2, 3', 8, 38),
('Prof. AM', '2024-07-01', '2024-07-20', '15:00:00', '17:00:00', '3, 4, 5', 9, 39),
('Prof. AN', '2024-07-01', '2024-07-25', '17:00:00', '19:00:00', '1, 2, 3, 4, 5', 10, 40);





